d4x,d4y,d8x,d8y,d12x,d12y,d14x,d14y,d16x,d16y,d18x,d18y,d20x,d20y,d23d34_ratio,wh_ratio,C
-0.9252888241125302,0.3615868663875844,-0.4944717415348916,1.0,-0.231573268649057,0.4865353675384908,-0.09019687373497509,0.6084489123849631,-0.08195727841544773,0.4481193553618674,0.052927048503644866,0.5724266192405902,0.06287253489476587,0.4215198195822788,3.4374308738345167,0.25870059480076746,0
-0.9301912818855416,0.34790637863969454,-0.5076480295418869,1.0,-0.23330686846082174,0.48416568745430605,-0.09597389436473454,0.6087244515308773,-0.08349796714333307,0.44919723871560086,0.047493593370121295,0.5727453635396732,0.06528718767617112,0.41871671543836914,3.531371142256102,0.264906205026892,0
-0.9341599246403189,0.34318788524115257,-0.5200056748649654,1.0,-0.24071766915379397,0.48698774761952807,-0.10224208468808567,0.620511439052622,-0.09131185277237674,0.45353025794552304,0.04278228605502567,0.5840649232044474,0.056328757003308236,0.42703805075740964,3.502304923313072,0.24786517982968292,0
-0.9375235448546351,0.3437148816344262,-0.5294236845492161,1.0,-0.25810226613480236,0.4852112633917543,-0.11527736865638537,0.6177829580255788,-0.10503342538075673,0.4514152164303097,0.03067060831493754,0.5894087998309941,0.042259468894582035,0.43258799213463567,3.3819804730087704,0.2441895919713366,0
-0.9519986452216147,0.3347919722299955,-0.546080895796364,1.0,-0.26449799134744817,0.4967182985336855,-0.12758265629450316,0.6248504763335682,-0.11576237132367499,0.459849642482791,0.014324708582339208,0.6015901115330001,0.025536047263931383,0.44536589643561547,3.40697738016667,0.2426404079275264,0
-0.9382419732315641,0.3347926634414235,-0.5368690152557317,1.0,-0.25623320219873935,0.49100279293859395,-0.12401152235108441,0.6168160546823545,-0.10710982313229674,0.4551183167590588,0.019651088082701617,0.5936147415309291,0.03259926258496576,0.4407686208189859,3.4303188638601867,0.2369335535416952,0
-0.9530117512663128,0.3249131762083217,-0.557643445375796,1.0,-0.2780848886195669,0.4885643041147126,-0.14058183216922443,0.6165765895302308,-0.1246496317279358,0.453216568457396,0.007049406734531945,0.5969892246275202,0.016668841216317433,0.44556623372873383,3.3166808859775987,0.23004959422903526,0
-0.9516587343598171,0.3265751214799037,-0.5562719261802539,1.0,-0.27376888486543743,0.4788901178592241,-0.13645795141372477,0.6105170545921706,-0.11695867356257322,0.44898569759842394,0.01299015719932141,0.5873057268190324,0.028059506537107915,0.43692804132555324,3.379483547919704,0.24101993816461276,0
-0.9756473304341322,0.3281744600264542,-0.5683985782778497,1.0,-0.27026111025632776,0.4751230597234809,-0.14856403504930335,0.6038476996375433,-0.11587574232119278,0.44589704467116237,-0.0012186798881194116,0.587231896835902,0.02435266956586782,0.4363812902411888,3.4716524785917553,0.2248765841966538,0
-0.9820079805701918,0.32128085501727593,-0.5836401603861788,1.0,-0.2772174109768964,0.46716370822024156,-0.15545919075910328,0.5971623570375996,-0.12549960883545697,0.4404528613941967,-0.002830640570435863,0.5703944163240812,0.01799201942980819,0.4207490936492969,3.6612477041546017,0.23022274152594657,0
-1.0,0.33498214826659456,-0.6091861542258548,1.0,-0.3172883931989889,0.4719428982893806,-0.19262721939006744,0.6072899322981178,-0.1608523045399279,0.4479177178837664,-0.038391894417458605,0.5914072244242474,-0.0192548945104214,0.4391690888049435,3.4329214151601386,0.21623335487647832,0
-0.9883601591763514,0.32895881021429724,-0.5801005573764435,1.0,-0.29075576461994823,0.4652296333973817,-0.16364952302322483,0.5917802458585419,-0.12745985505523613,0.43214686010339337,-0.0022663759737064793,0.5705451029088041,0.011639840823648539,0.41621741738436496,3.2338824568831086,0.21665576697027844,0
-0.9890387466865972,0.3306405261103459,-0.5805515328768868,1.0,-0.2852400189371637,0.454405336634459,-0.16530355936969043,0.5885206342292791,-0.13102017961467197,0.42965940343972225,-0.007022131007683009,0.5694155205125339,0.01096125331340285,0.4156540022584245,3.6045118742923163,0.21033053521519385,0
-1.0,0.329532699975001,-0.6057584369305168,1.0,-0.3152460245029916,0.4650476378211446,-0.18485710712215211,0.6002648232359279,-0.15552481045335192,0.438535164377861,-0.026071326875830875,0.5819181256339436,-0.01522211188437814,0.42465964731019074,3.3259501391507156,0.199786823451223,0
-1.0,0.3318389746590677,-0.6055297228243116,1.0,-0.3126993767055276,0.46482077743103195,-0.18010255464637126,0.6019752366770178,-0.1503557608228157,0.4409577069166019,-0.024597271039590175,0.5919450956901352,-0.01115303811869063,0.43370232077072296,3.3333154259977045,0.2181488282976214,0
-0.9934967453219905,0.3404231944657137,-0.5948024903930513,1.0,-0.29115153513127906,0.4568412649797353,-0.17342955115727426,0.5932190391853421,-0.13594891686186922,0.4326121167617995,-0.015059077928554073,0.5762928537662043,0.006503254678009479,0.4193527503550241,3.6190451306164455,0.22182199792961166,0
-0.9826777239619182,0.33232152687556266,-0.5831645262660722,1.0,-0.2708243741648518,0.46827617917481834,-0.15006688871953738,0.5887942459469994,-0.12024001540304441,0.4339695640463216,0.001120832809714371,0.5712893291756339,0.0173222760380818,0.4220988606801948,3.5985664936437,0.21711947937479326,0
-0.9581601037951049,0.34318647052203305,-0.5727045624670919,1.0,-0.2616358984281949,0.4930657646576562,-0.12183301199302174,0.603442537589218,-0.10118635091287116,0.4432149057278456,0.03312207873904057,0.5823194514058997,0.03956032011199757,0.43460906051511733,3.0605089725799877,0.23168904677949165,0
-0.9526447041955362,0.35667143840144006,-0.5343507468254095,1.0,-0.25662827808321875,0.4881698245856457,-0.11856957345002635,0.6053286731698573,-0.10161374739482296,0.44583330221163253,0.03611796161090512,0.5782746175765408,0.04459050462233731,0.4303648054644727,3.214053700429787,0.23249235683680736,0
-0.9541097242003955,0.3586995873784538,-0.5298707634622911,1.0,-0.25447560449642126,0.4810107022035816,-0.12211108654308801,0.6035630595291255,-0.09973618034318225,0.44053477405019664,0.029720318946209516,0.5688576356460946,0.04544153116272612,0.4187433518258684,3.2830816901854716,0.23234223413845911,0
-0.9484050504313347,0.3611430126149741,-0.531786827602262,1.0,-0.24623615932762585,0.494195298055094,-0.11321262265084295,0.6107786645446673,-0.09317584063617365,0.4456111475179629,0.037539529304975505,0.5842853465022118,0.05159494956866531,0.4307770262363377,3.1757296789102405,0.23409994302272996,0
-0.9492997629088125,0.361513158415051,-0.5271960262529096,1.0,-0.24560721430203195,0.4902200379422023,-0.12234082784339634,0.6088698260719744,-0.09541550384964467,0.4469951839074352,0.029164068336595395,0.5663913846607372,0.05070023709118749,0.4149263895146748,3.3269959108591856,0.2350655753551738,0
-0.9534077761604818,0.36928365771669314,-0.6039523847369189,1.0,-0.2881708601071574,0.5355505850225742,-0.1354929240429576,0.6675153598906846,-0.13026455037695722,0.49079960076958434,0.023405909504965468,0.6347768055607644,0.027481070539009576,0.47783246879363245,2.885536022190008,0.22145812013980315,0
-0.9918950701843012,0.329689784983321,-0.7486749256784437,1.0,-0.3508627609140237,0.5105655740252709,-0.20872234446636598,0.682153289954937,-0.1880638505101441,0.4903612209371948,-0.041158211467267024,0.6554545611030197,-0.019460821815690643,0.48590724298188726,3.2347418235624463,0.16841632650147687,0
-0.9838887046141319,0.3373939212405491,-0.7259030510844623,1.0,-0.3466173181891888,0.5352968363885898,-0.20420311061838678,0.6954914455682311,-0.1774999484765187,0.5070910267159502,-0.04265677623215975,0.6624841181084866,-0.016729771589602444,0.4938316881637403,2.8847802765294697,0.18786948655003832,0
-1.0,0.3037190960793515,-0.878946190449322,0.9879631701321618,-0.4017754706689989,0.526914237212028,-0.2715275818616111,0.7277752514072185,-0.2424188907069909,0.5281081772402616,-0.10075946510184507,0.699303996475108,-0.07392540766235965,0.5219748573579556,3.3543015466900403,0.09273546380409647,0
-1.0,0.2794437370486073,-0.891131795117699,0.9898107459864494,-0.4234017840605491,0.5488908004859819,-0.30745665460529426,0.7448206723685415,-0.2635588610906205,0.5407992762071798,-0.14293107037119568,0.722711366827111,-0.0917889309057937,0.5481967373063648,3.1100844638622434,0.04930360045865201,0
-1.0,0.254946957689668,-0.8801345329827819,0.9785935221047178,-0.42919313553318056,0.5238846169681578,-0.30906285355162977,0.7223290247431363,-0.2649389671775492,0.5227672644834214,-0.1429502958937514,0.7072500504925577,-0.09688829098085056,0.5273040410579869,3.0234134813282925,0.0625021872724032,0
-1.0,0.2290464155771248,-0.8567805271295974,0.9675485434232725,-0.434486732187093,0.5028275985981746,-0.3270769916403454,0.6963007379819528,-0.27066877970775716,0.503547061933909,-0.1662252260983335,0.690186838038765,-0.11035738881571315,0.5176373000971699,2.9905068419858494,0.07380994138843988,0
-1.0,0.22825388071315636,-0.8704743458871744,0.970845530310974,-0.4507136135580234,0.5242294944176962,-0.33104999789516215,0.7029990967204315,-0.278504973207896,0.5135464900608029,-0.16926811755252766,0.6930551041732443,-0.11726336521473298,0.5188814588624805,2.6872611020773354,0.07095879407682082,0
-1.0,0.21196397580210027,-0.834802227246009,0.9684494319778073,-0.4278996294931836,0.4866115658635515,-0.3255814251120068,0.67577864816036,-0.26743845683408185,0.47845930635527073,-0.16859056574279166,0.668714189759698,-0.11316135649557046,0.49339042865102334,3.099445376563205,0.07525232949418914,0
-1.0,0.22019282987880104,-0.8202833766374314,0.9690591726581191,-0.4373527423737861,0.4860767773698071,-0.3339132077652059,0.6571185497736677,-0.2751598338516679,0.4688779548797989,-0.17560180162167963,0.6579868500912462,-0.13555891634895553,0.4890957432426691,2.9368723994015715,0.06849509928454234,0
-1.0,0.21460424478401957,-0.8255332600068002,0.9684017671882661,-0.43818203201941563,0.47993387008063476,-0.33205103497397176,0.6572640158412184,-0.27353880639450356,0.46529946938181826,-0.17161065076443277,0.65887177165838,-0.1313843179899639,0.48558929871838974,2.919182949604187,0.0638670752935504,0
-1.0,0.25003014358306025,-0.7785707549182297,0.9831221491378673,-0.426592385173941,0.48742645621028585,-0.30838926526142607,0.6509091959946255,-0.25299663397951644,0.4663756849801603,-0.13563745182443998,0.6452615335901741,-0.1096127317460567,0.47867033509703877,2.6383747253424845,0.07084866829990144,0
-1.0,0.22153533381263002,-0.7860253634192649,0.9629095137113826,-0.4241489252673436,0.4595361517306496,-0.31333814101739144,0.6264507468321202,-0.258855880388814,0.4462233780428213,-0.14788598394745178,0.6253444486693048,-0.12491767114037111,0.46333800856756835,2.949008814788176,0.08515183748842348,0
-1.0,0.26161499125976173,-0.7139435254953411,0.9883381593673872,-0.364397317440749,0.4560136657894366,-0.240186318237065,0.5864244632507096,-0.1853573658647947,0.4365884946675859,-0.059389758909207425,0.5879536396270125,-0.039802858200712186,0.43977794537390424,2.850889149922251,0.1275880148362376,0
-0.9923375436086789,0.29651030120474553,-0.6392582320633033,1.0,-0.3195025038230374,0.4581709697163916,-0.18863166446008134,0.586053206045844,-0.14809542869729359,0.4343633476254848,-0.01065496505384621,0.5653335146907853,-0.004068169671017469,0.42231121597817733,3.1133513096901577,0.17915917404629322,0
-0.9581510617971186,0.3196084037009801,-0.6021960039466324,0.99726093950618,-0.27257256769603494,0.4423020293311423,-0.14870520444052884,0.5751740271989895,-0.10416785278896727,0.4166615999620906,0.021836780571580842,0.5650466145178449,0.0418489382028814,0.42138560726616836,3.258375042496369,0.17050667036052047,0
-0.9306265331177207,0.33517830794341813,-0.5202502088069596,1.0,-0.23132472499830928,0.4470658636906071,-0.11599004270686109,0.5598775700362222,-0.06401225723723829,0.40883569545788256,0.04653154067053548,0.5556639416755534,0.06937346688227929,0.4098641686438163,3.039732228527968,0.1508746208017102,0
-0.925129968115753,0.34308905760478947,-0.5186993688354752,1.0,-0.2313936486518124,0.45108920870356317,-0.11143717483785548,0.5624745822053563,-0.06643102881500848,0.4095152025716165,0.057777645348651596,0.5526348035364332,0.07487003188424697,0.41006271781513665,3.0800622832249296,0.16590810414011492,0
-0.9143634195430742,0.3670912919620716,-0.47123234208628517,1.0,-0.21210631749129183,0.4446682363725181,-0.08905989432354341,0.5592106659934833,-0.05140023661722215,0.40948989359526616,0.07308700632079074,0.5559420096268688,0.08563658045692576,0.4084750329609124,3.170082045389991,0.15389552312674115,0
-0.9149688920347286,0.3563436267291638,-0.47079028037212095,1.0,-0.21063280702383305,0.4386839228913734,-0.08447336125435614,0.5523887148703692,-0.05015735131140076,0.39933776641049873,0.07286460236187141,0.5331399899003921,0.08503110796527136,0.38732626522443137,3.258399569776829,0.1795406207406267,0
-0.9258747662968727,0.37552720737905815,-0.4712300900902271,1.0,-0.22330367074527252,0.4461017534565613,-0.10374365988791373,0.5554013588313133,-0.06840231076224285,0.40754530066802286,0.0611176920965575,0.5248662569321982,0.07412523370312726,0.3796785486534593,3.34448066731668,0.18499364325593026,0
-0.9226462880305235,0.37283027098877414,-0.4704841054802481,1.0,-0.22617750264637457,0.4361231065421472,-0.10032125209494855,0.5487709715470018,-0.06893460073370464,0.3978197630441623,0.06458997513621281,0.5199698026095686,0.07735371196947644,0.3703046459823458,3.321331544125445,0.17628611123182125,0
-0.908850392390707,0.37937573475767367,-0.4427905371066828,1.0,-0.20760091908579933,0.4512316473004597,-0.08038271848237785,0.54960180850778,-0.05026350100813037,0.4016401604541179,0.07563959955506118,0.5163104421003979,0.09114960760929307,0.37306980159358816,3.0775658039065066,0.17001879061186775,0
-0.8766436419258213,0.379909375500702,-0.37535961917057514,1.0,-0.16860846155830975,0.4579896031013677,-0.04212988887193859,0.5506426119427712,-0.01779479446808684,0.405914047432843,0.11513517208349384,0.5088883247993674,0.12335635807417862,0.3731718279723143,3.172121889766901,0.19678634431727704,0
-0.8758440209028945,0.38661035708687913,-0.38165872685987623,1.0,-0.1671101604153124,0.45239569095244836,-0.03232986369526768,0.5474815479138891,-0.012478064903242788,0.40188858150168855,0.1214338639376878,0.505611507015845,0.1241559790971055,0.3686926701791284,3.2178330447400745,0.22091639599765833,0
-0.8470371385782373,0.3863648519171084,-0.3422107397977637,1.0,-0.16538977780437034,0.46691687156267525,-0.01742111613095084,0.5574364644092195,-0.012552119659325634,0.41438268469183953,0.1351932836747251,0.5108703126695263,0.1308524271307106,0.3779570570857053,3.0854583828088886,0.22723653506629438,0
-0.8465824706532509,0.39133462219799364,-0.3428778520730917,1.0,-0.1470859699054395,0.468408845116369,-0.0022907638313543455,0.5623269728887563,0.004847115629933008,0.41536240335456054,0.14510785341635737,0.5114293411373874,0.14804572873065,0.3723064379931229,3.155875515957365,0.24098002726198287,0
-0.8177997942862486,0.40496847401806374,-0.31849956410477237,1.0,-0.12969547236884638,0.47706540473241293,0.033885976847470974,0.585342468648472,0.01990266769301351,0.4245075249116864,0.17143582883684452,0.5402383764847025,0.16962647925082724,0.39201903587928827,3.1737227665301253,0.2537393158120249,0
-0.8316725840553646,0.37387797624729535,-0.3679234721787723,1.0,-0.16796444003668906,0.4765251849210759,-0.0019300909088099437,0.6047163686708666,-0.013801326149821483,0.43875470921745424,0.13473617626687004,0.5583362761220717,0.1375335289122158,0.4018590176841428,3.123497796332641,0.20740488880815122,0
-0.8106232657070815,0.37623253075219104,-0.3673878186401384,1.0,-0.15306063739458264,0.47379232989174086,0.017449267563339643,0.5972373457694979,-0.004296877888186501,0.421170042189061,0.17081415382737855,0.5450082502868838,0.16140521504658534,0.3882743826464622,3.112239554322908,0.19456792751194207,0
-0.8794185132974885,0.35151605255280205,-0.48804181587158824,1.0,-0.21996082475240758,0.4770887449808528,-0.07001791222146649,0.6252135077763953,-0.06570188589594429,0.4547041945325605,0.06196529780530773,0.5917161508594005,0.07427797875257479,0.4306119621063859,3.271086357710147,0.17068850133057123,0
-0.8942592777912689,0.34570479567502077,-0.48812786644172496,1.0,-0.23649830745249112,0.46199335587269375,-0.09797419132950581,0.6181958968876227,-0.08907344520454435,0.43477823571259944,0.036210340647651926,0.5849210391920585,0.049206817171961445,0.4296638491274654,3.434330452064307,0.15080284838051572,0
-0.8997735757504703,0.28861301931792865,-0.5305510938699588,1.0,-0.27041861082128155,0.4732126226782111,-0.14248471663846776,0.642684109884832,-0.1191349541556334,0.46581934801702757,-0.0022004550509871763,0.6162215852086483,0.03057121275179628,0.45903899321369923,3.2450386010626593,0.11659104861391079,0
-0.9278900243421503,0.25015554169483817,-0.6062473872603374,1.0,-0.30769778881351467,0.4728700542091332,-0.17740595042993423,0.6541512577577417,-0.15070308252815376,0.4606718401703941,-0.03465008223606175,0.627994181388862,0.0041510534894124845,0.4567947530621678,3.0641856203361204,0.07451772901833098,0
-0.9278065470983516,0.24790061748402595,-0.6040347505464809,1.0,-0.3003294573188639,0.48296786186862417,-0.17681742335295894,0.6538260247139392,-0.1458213014533164,0.46303660537828734,-0.030657165099165287,0.6408582284472223,0.00663833856934678,0.47277715226494227,3.055095246520989,0.07312002173495302,0
-0.941913406779781,0.25843582694211,-0.6069365000831856,0.997220392660167,-0.30011188781246534,0.472315321434268,-0.16881851586359448,0.6253976155288152,-0.1295050175342916,0.44782938904105085,-0.0049802504494471924,0.6058547326428598,0.01848915711483659,0.45559797047787615,2.799116857193784,0.10518159680436656,0
-0.9230169563395616,0.3050597691998248,-0.5365275252694004,1.0,-0.2578840473257835,0.5025042101362943,-0.12096811572297354,0.6336491602309571,-0.0889928146875894,0.46224519307375816,0.04173348430785176,0.6063855427716298,0.058525831738861986,0.4600097755110905,2.586707204588677,0.12979663021300913,0
-0.9136272853141897,0.298958487357766,-0.504479094745199,1.0,-0.23700772697956618,0.49572949439625535,-0.09847716648555603,0.6366630804269034,-0.06479664124758693,0.47369183726391245,0.05687815644290392,0.6157430674875561,0.08637271468581034,0.471807850266756,2.6146636407823296,0.12883605491504424,0
-0.917177409517191,0.3391823247978586,-0.4984065932034851,1.0,-0.26295629544471594,0.4997896090493208,-0.11886840577995793,0.6434348303572242,-0.09684793417146913,0.4762434781881181,0.042076955208652934,0.6117980601216133,0.04924552992189146,0.4697938882290077,2.630990884918822,0.12667676446560527,0
-0.9334518803528171,0.33603603664388726,-0.507436946282353,1.0,-0.27159102761602294,0.5059757962601537,-0.1299607923617441,0.6551677055946682,-0.1034781980915626,0.49027849346964947,0.024851876466132187,0.6295522168891805,0.044345572854641455,0.48067785290761933,2.6326228231821616,0.14792274528385052,0
-0.9247305824612428,0.3619643359847134,-0.4976710453585989,1.0,-0.26781679978335304,0.5053118423873975,-0.12308848024395039,0.6300260284694145,-0.09906960524997867,0.46207574865357764,0.033513315996631585,0.5988811191698431,0.038091837529631294,0.45447428317579447,2.4773665217165117,0.1455937828077296,0
-0.9156337731916144,0.3646810161432672,-0.4846390987123542,1.0,-0.25195651713202927,0.4981482582139972,-0.10172890137129614,0.6334498233927817,-0.07953392567610904,0.4671342263934958,0.05407845375326304,0.6041388232886331,0.0652771435797474,0.4574503502547762,2.548502033262235,0.15569609363162273,0
-0.9153970939821614,0.3691394493933899,-0.4915906738936884,1.0,-0.24647772103073087,0.515557840181628,-0.10242729816552704,0.6477979061617147,-0.07218596759122659,0.47913424385137376,0.05954485543882606,0.6119780598299905,0.08138040870962857,0.46333078157340046,2.3869029780595143,0.14631169006065137,0
-0.9353416541722753,0.36098012215834213,-0.48679367886691716,1.0,-0.25251297737380163,0.49907495753986214,-0.10469670039673208,0.6312887416464972,-0.08185173431138175,0.46627805697848207,0.047205376878506254,0.5955285100865618,0.05975101200093087,0.44879685685110465,2.659326633806777,0.1903196562830396,0
-0.9032237354367764,0.37574161139715667,-0.450639007753966,1.0,-0.225566055958362,0.509404530706453,-0.0875475125444572,0.6450605040285788,-0.0639250703375491,0.4797276408002069,0.06190572657623591,0.6089314934128668,0.07668998334364714,0.45934901004089335,2.7806685252973375,0.18961842301076404,0
-0.9115946150537587,0.3755978134253915,-0.46375817314649864,1.0,-0.22878175414988128,0.5077313852701932,-0.08820276258339475,0.6340718938945441,-0.06845699308230001,0.46878321387425625,0.05922721409209168,0.5974252148607595,0.0714287877373827,0.4498290467694342,2.7686085960122364,0.18464637304594,0
-0.9002607819893681,0.3878678512274081,-0.42483093563760044,1.0,-0.22158181783613445,0.507562787128551,-0.08075353959675265,0.6259691347819759,-0.06420511344475933,0.4595421007605251,0.06462266300739208,0.5875824666479272,0.07653037600292631,0.43405534293007547,2.7552802794914886,0.21105976216777167,0
-0.8309199403005217,0.38937937108089493,-0.32199788735358165,1.0,-0.18085613309185491,0.49799875574593355,-0.025227933818585794,0.6245049160312104,-0.02555227408613434,0.4493731555651624,0.12571550506475154,0.5792864773182316,0.13091903597377036,0.4187747432372972,2.703572517227264,0.18994662776554416,0
-0.8411471201707981,0.39432493754769016,-0.3433865795397036,1.0,-0.18874763419459362,0.5037563486352982,-0.02303729903604734,0.6307397671884403,-0.033899721810434234,0.4561991849361069,0.11694269632102114,0.5818702695396032,0.1169980111254754,0.4262235231046765,2.6856205467561334,0.18330954138232225,0
-0.8321505941248778,0.3763836828559665,-0.3473918208605649,1.0,-0.18839343548467796,0.5014979343746085,-0.026612392848594506,0.6313577872288091,-0.03309725879016783,0.4614265259127993,0.11226488895740448,0.5865892634969418,0.11733053546290624,0.42955208533946043,2.659684093877641,0.14523747373193174,0
-0.8564518857429765,0.36444767116210397,-0.38157398380620744,1.0,-0.21764827544496756,0.5008356719036213,-0.06173127416958425,0.649572971090636,-0.05917088386063917,0.47490495335956023,0.06314960197470787,0.6055926017863691,0.07487934548519032,0.446322539199907,2.632056502680909,0.12559036152674663,0
-0.8588920515496875,0.3527201254436745,-0.37658028983619524,1.0,-0.21592419011937813,0.4918575898703438,-0.06084569473486038,0.6378225467903774,-0.057711755803558834,0.46360554923520314,0.07793528020158064,0.5972087964896109,0.08842013834099462,0.4408002045856734,2.668679178368826,0.12120476169867556,0
-0.8772642317865702,0.3238274477593119,-0.43544916291904223,1.0,-0.22349557958200236,0.49406594992802133,-0.07458837326965397,0.645583898304505,-0.0698995416063713,0.4740385380611298,0.05577863787721132,0.6054331296161038,0.07042343434471558,0.4579771930348638,2.8315345054677383,0.09785328316268993,0
-0.9136523227929438,0.2781760604354386,-0.557035217582345,1.0,-0.28350425825859743,0.4543578077975307,-0.1630340385206081,0.6699607976503529,-0.13814857004329195,0.4503425582426304,-0.006943344430655054,0.6312004605867735,0.01445366466437374,0.45981696512529774,3.431105936235375,0.06925307911077261,0
-0.9413838690447389,0.2865266222473977,-0.5933796302413127,1.0,-0.3057237408603973,0.5081942249505212,-0.18990021347140448,0.6811196821380453,-0.14920913556462298,0.49056357376770127,-0.04460648488624731,0.6519963409962095,-0.005105393904484475,0.48020996793591725,2.7788822713330594,0.06056903293525062,0
-0.9982751754048673,0.2184607097975873,-0.6829262807998087,1.0,-0.37974333732837473,0.4801502832021739,-0.27433315671892683,0.6854809613193398,-0.21545402694785218,0.4881786931914893,-0.12170467159663079,0.6824368649013974,-0.051554618733107876,0.4998520011845163,2.824372975226111,0.060453373703756474,0
-1.0,0.258880104792058,-0.6658520630405689,0.9942018104204734,-0.3381850033097742,0.5073800227636088,-0.23432772186506654,0.6765263484419956,-0.17344582014722157,0.48441918261751116,-0.06215471175709027,0.658557395697407,-0.014271426448313888,0.48886999484032484,2.737943119183924,0.0880080439995179,0
-0.9636957803511063,0.2742953143933536,-0.5684506631131909,1.0,-0.27457974883716957,0.4875246430912082,-0.15228177934111387,0.6612167999234337,-0.10781765949592761,0.46350736138354337,0.0031635042621912333,0.6214641034650513,0.03630421964889372,0.45829450104301583,2.7621626377048525,0.09883580617151155,0
-0.9566185924916382,0.2830197517982751,-0.5833522264053018,1.0,-0.2728931873470133,0.5003122182851983,-0.15224802387739883,0.6564312794904705,-0.1113930886923921,0.4735171038822865,0.016197042189405347,0.6253997139621437,0.0433814075083618,0.4742327179095144,2.875357059052186,0.11183545730539945,0
-0.9587910463135624,0.30296429008510006,-0.6089941457388679,0.9989946079577616,-0.3226125976868873,0.5103377472019266,-0.18105282700064979,0.6628003877855032,-0.15284783738572597,0.4876240725636691,-0.014070867618968166,0.6272820459631406,-0.00022697158801386348,0.4823405484082637,2.553599404805164,0.10172096947222342,0
-0.9032727944231568,0.3140124253460204,-0.5558543003554776,1.0,-0.2824497483957343,0.49432985919598355,-0.16484926827016297,0.6652410891341266,-0.12087733714971607,0.47160587541857324,-0.007895480356400905,0.6447072744406215,0.03424551036424911,0.473809533138399,2.7320261556186742,0.07811234476709283,0
-0.917236495843192,0.3032509799610035,-0.5519448611037876,1.0,-0.28225999767393767,0.5018011280970662,-0.16043566175164461,0.6657928620951501,-0.12038120496760155,0.4787944099671546,-0.006836828223288521,0.6317067268164578,0.032585253737125786,0.4658860100770346,2.711303284952652,0.0937659519447489,0
-0.8825447671712525,0.29957662737709867,-0.5172949207975268,1.0,-0.24990026165787776,0.515339105247334,-0.12527884721474286,0.6738014387261935,-0.0955663201520407,0.4917813261884605,0.02195650093052585,0.6441987750114507,0.05787783112581572,0.4883868382004787,2.8075677534651304,0.09865304830331567,0
-0.87593892793059,0.29572255344100795,-0.5194758847905809,1.0,-0.2562964556987323,0.49801108638610747,-0.12335232601462029,0.6681450816756961,-0.09580348106370436,0.47947819464991936,0.027184301096450845,0.6415696474473971,0.0606081369471531,0.4812023320397437,2.687359644423452,0.06583208339221702,0
-0.8701928235509236,0.283484972375366,-0.5085353813117066,1.0,-0.24579730923507453,0.5111840615207563,-0.10563608467614713,0.6789385066078198,-0.09187650339959184,0.49998845140802384,0.03432739123780188,0.6447948702607679,0.05592899209732568,0.4880327676996859,2.8066331441434564,0.07547789773149494,0
-0.872196471525239,0.28593695262982094,-0.5294979312731388,1.0,-0.26620336222742885,0.4989204077933293,-0.12017149161494478,0.678553043480032,-0.10243047534785737,0.4886482426107572,0.025608153967861823,0.6503159980773304,0.056890300841671716,0.48154089542632755,2.5872457143291854,0.05096283426728543,0
-0.858902764831676,0.2462431939301784,-0.5337026496623951,1.0,-0.25334131885914063,0.48732626688728964,-0.11558108797378104,0.6734203314714804,-0.10273578304431369,0.48868360995215315,0.024265347289207324,0.6462115357828929,0.048097015594843355,0.48825352397107485,2.9399187466866072,0.020124240570515095,0
-0.9030898239704593,0.23663255218310877,-0.6207687452091226,1.0,-0.3007398557035824,0.5045122115878153,-0.16643713956804487,0.6921187236489865,-0.13890934217648013,0.5046882889305643,-0.01832673714808516,0.6687576511117741,0.013747413956529743,0.49688145420243524,2.6869333277584766,0.01631231489011542,0
-0.9036526032492322,0.24388355355225672,-0.6130238455554916,1.0,-0.3173996492216049,0.5055076750602551,-0.1818645364007545,0.6963718713242509,-0.15928709753796855,0.5096410608989447,-0.030166838586450608,0.6638483946316266,-0.003316162033563475,0.5090244650161685,2.6628146694015045,0.007569841191612525,0
-0.9210404945596878,0.1897881032034211,-0.637018298478525,0.9912435788701316,-0.33139056196552513,0.49217322192397767,-0.21339551959976452,0.6885495572914051,-0.1758022680956862,0.5008168938366674,-0.06877880640103548,0.6658764657235207,-0.019541099301799283,0.5086655826917366,2.680256337768824,-0.027781238894605154,0
-0.9258403292091101,0.1654583344769288,-0.6768083878431205,0.9749791854762313,-0.3564857238359427,0.4782741420279706,-0.24223354027040225,0.6776414561293859,-0.18745758792121076,0.49002043738174383,-0.09625554185919523,0.6594431962503021,-0.03420687341699291,0.49953771579972134,2.445474495540185,-0.01752687429149513,0
-0.9267728452189901,0.15197000893407928,-0.7035864365796007,0.9681420060822862,-0.36056601349236256,0.47231666129489613,-0.25441545887054284,0.6846060692028235,-0.2011972897994945,0.4904127828588815,-0.10031087796940202,0.6592136723126208,-0.05176458819664045,0.5006118046349202,2.6964651719161283,-0.025156840307031914,0
-0.9361135527896683,0.15189401087368856,-0.7162154618066572,0.9611705759581196,-0.37500091021153314,0.478292907391015,-0.2632009278956429,0.6870437241792617,-0.21306214230853918,0.4919006045885126,-0.10718061544169531,0.6603691505729316,-0.058264807407908265,0.4989141197013564,2.5761588367913917,-0.02601300042129795,0
-0.9626309916678429,0.10940847721720875,-0.7665551865883216,0.9519936566163694,-0.39808914353695446,0.45356408153496247,-0.2925903869553884,0.6843002110912614,-0.23567098059539154,0.48780867266155764,-0.14574955584839397,0.6722730034688497,-0.08155492385800749,0.5107653736392689,2.6011814696492137,-0.05940515925063128,0
-0.9809846960781251,0.12113569709816321,-0.7924406385591959,0.9494838939942126,-0.40828939716806945,0.46218766761887076,-0.3111900958077108,0.6976638369795604,-0.2422775829238512,0.49889245114777214,-0.1561022779403951,0.6994656774999453,-0.08606788306790492,0.5296509229725427,2.5817071790394097,-0.032762488158764924,0
-0.9825461432638997,0.11855829951912637,-0.7966531317194426,0.944739481140833,-0.4109976181436577,0.46079305915317875,-0.31091368675241254,0.6933690324100183,-0.24501541999536006,0.49496632169730315,-0.160103019539474,0.6996688777066312,-0.0911746811674824,0.5305843224451849,2.5883874589811176,-0.030458234541730578,0
-0.9648689590115501,0.1771816371116644,-0.7202772452220875,0.9651822954306783,-0.3726097397957321,0.49701760765579495,-0.2740652250531086,0.6969448121115752,-0.207575512588474,0.5033944701542514,-0.09738473139447462,0.6860841109542687,-0.046111912945834804,0.5245383317115971,2.5951937661097215,0.028220832082148206,0
-0.9313830473558432,0.2385079077661737,-0.6406178834173493,0.9823033010591236,-0.34993248953523465,0.49888801700683727,-0.22559946094557293,0.6803195307445541,-0.17875550624761288,0.49925403258201,-0.059628117143614406,0.6594399194385356,-0.027768066906859085,0.5146563300003246,2.419489032040282,0.05097864901138438,0
-0.8731764151303747,0.283392767975809,-0.5597482084734703,1.0,-0.2793315107826037,0.49800439170620237,-0.15274995867840604,0.6798274332927591,-0.11963512372450932,0.49607513243169693,-0.002769030860321747,0.653783819954797,0.027632220739514834,0.5058146011087504,2.730297959837223,0.04710523091774066,0
-0.8790657382116669,0.2892526441143433,-0.5804358562882944,1.0,-0.29378896285881945,0.5010493004834103,-0.1698952025441869,0.685693674911914,-0.1322006939743523,0.4944097038407623,-0.011927059582174212,0.661974722584305,0.03083208369910666,0.500509098886651,2.6312945945015476,0.027341874151532997,0
-0.8522768859591656,0.3322021392768538,-0.6021531826269484,1.0,-0.2751155415060029,0.5187284649202007,-0.1528297147703201,0.7029993274975591,-0.11332865126470237,0.5039744050263969,0.004442777775267734,0.6636254890080182,0.04541640039283861,0.4985751561281209,2.617784150687221,0.014884529193567975,0
-0.8869985219683154,0.335677187317019,-0.7638206028557384,0.98799007375742,-0.36356190536906335,0.5664098775204043,-0.19284622598617931,0.7866168594663855,-0.19184465400469414,0.555006033803573,-0.03157082388942108,0.7257752503957464,-0.024365209717764732,0.5362355938912424,2.2194740026855007,-0.09198861949156378,0
-0.9989545274730489,0.281246100574455,-1.0,0.9414366916320238,-0.5049392625250514,0.572282471804048,-0.4444140293939584,0.8579127393547671,-0.34127693393049413,0.6013296056739855,-0.26354235951246036,0.8334188580333577,-0.1825148896108518,0.6387966904474428,2.456436197741817,-0.2294992259226184,0
-1.0,0.1940590787142113,-0.9335511677918074,0.9280530880428751,-0.475884639664586,0.4587084257475387,-0.40847699883779415,0.7685494464786614,-0.3200825015108975,0.5360982692378818,-0.2413063008427675,0.7777962524038464,-0.17250658535961605,0.5764651081311466,2.4936335589059477,-0.23196274936539307,0
-1.0,-0.01846848472160257,-0.9956028391074346,0.9353917872438923,-0.4963840160746319,0.4879056594500406,-0.48931232484517906,0.8543452778014248,-0.3520203775482801,0.5981906154546763,-0.3213410532476756,0.8735393716975335,-0.23958457397757316,0.7164188285102946,2.5600834668138788,-0.431012027914057,0
-1.0,0.011781268895059335,-0.9443730502627966,0.9919527946393479,-0.4896989166661221,0.49747925874747856,-0.45744132001262944,0.8013258263829669,-0.3402928448898138,0.5762883452083624,-0.2971140900981999,0.8319726736754296,-0.22566005173851253,0.6511084993783157,2.6388895410196143,-0.2600173837704405,0
-1.0,-0.05393177258550463,-0.9463094897803387,0.9460682274144954,-0.4737352909872514,0.44765749701235996,-0.43881741120063655,0.7585638760948559,-0.32783274106151705,0.5290635018015262,-0.25966662550365244,0.7700697233103626,-0.22097503208993152,0.5765030655645665,2.8339920837019936,-0.2297348823090385,0
-1.0,0.005813590485931754,-0.9050872270940934,0.9344123910327559,-0.488088162064079,0.432050609574364,-0.41292693653268153,0.6982544627009123,-0.3276441420232646,0.4897880445422079,-0.2494660407820801,0.704568667739604,-0.19404639353427644,0.5595335556774625,2.696916949910297,-0.07242121680762581,0
-1.0,0.06928600708034022,-0.7996171975638241,0.9498923441369703,-0.46133931939907874,0.45671827461334785,-0.3733924242163034,0.6831258037161576,-0.30845633354007657,0.48842410141586046,-0.22983477512361497,0.6665846005094763,-0.17001944883345088,0.5201491394766166,2.758093867500471,-0.0295806994283222,0
-1.0,0.16830611802599668,-0.802637012580564,0.9701155044376621,-0.46319990535929967,0.4539438224890833,-0.3997594155092954,0.7054106976603548,-0.3229298317174266,0.5083949330088193,-0.25547487507106914,0.7075395849781065,-0.17520123383931568,0.5499233384630996,3.1042868338855962,-0.0006138545513519889,0
-1.0,0.20799588713102485,-0.7731689337365237,0.9884092313650846,-0.44169170770476385,0.4977864624484695,-0.367889811752663,0.7181382244721696,-0.29546841364922055,0.5254127616012471,-0.21657217961338157,0.7314271494906288,-0.15421148120490605,0.5598791087654167,2.9239050550462005,-0.021253270147822967,0
-1.0,0.20988236979758176,-0.8661311624704378,0.9810033203732093,-0.47738172484183333,0.5316010794571042,-0.41069218570785376,0.7688541324017207,-0.31627733218675724,0.5662360573967492,-0.24813623177690963,0.7755501572151889,-0.1772231791219119,0.607323929475137,2.5092655545015505,-0.05122374017308684,0
-1.0,0.17371881497789599,-0.905056940761662,0.9364017157539017,-0.5034979277246189,0.4967957912874437,-0.4143809869451625,0.7664558025777145,-0.35609537554324383,0.5409671427632743,-0.2548878093459737,0.7512204462020792,-0.22660883928718029,0.5908139142343675,2.6670081045140495,-0.11463719752305646,0
-1.0,0.14111093095606025,-0.912129680822857,0.9479092369455734,-0.5060959799224528,0.48837969048228286,-0.4251630008311998,0.7663581028897224,-0.3534084962501721,0.5398104662457376,-0.2622166292304338,0.7553751146799131,-0.22924174843599346,0.5813903296535684,2.5849056001996153,-0.127899922846192,0
-1.0,0.05093141005404968,-0.934488141305473,0.9694337974343453,-0.49461485070074945,0.4778478612577904,-0.4487488870037088,0.7656433147427126,-0.3493863518920009,0.5523668024589039,-0.2748698119113595,0.7523952250773025,-0.22038031789524823,0.5938650990123372,2.760463269583271,-0.19861350252664078,0
-1.0,-0.0173542152051032,-0.9239273882632971,0.9530496855758965,-0.48036828264582976,0.4688303646764921,-0.43985344106751,0.7415064661527282,-0.32546155883705224,0.5270185553651628,-0.2590119210150293,0.7515798243939793,-0.21099717738600293,0.5755805208244458,2.664794084750788,-0.18498166715725028,0
-1.0,0.04083540641748361,-0.997388755922802,0.9501446043514846,-0.5458316605442901,0.4270867540759225,-0.48382195077993045,0.6946327013692511,-0.3667703011998554,0.4997203772962838,-0.2854624065511373,0.6964069311843402,-0.21684350257380622,0.5249680432526846,2.493432972807928,-0.05356052207197326,0
-1.0,-0.040479901801754294,-0.849210836098519,0.9500646964865359,-0.47887415806525363,0.41649829797217947,-0.37745844175597476,0.6727075524515029,-0.3186907951606176,0.47606060195407063,-0.19741624219885526,0.6599861904635175,-0.18671117098506976,0.523564754366421,2.764599094891362,-0.01704597151380105,0
-1.0,-0.06696543035685167,-0.8309446199656413,0.9308916038232109,-0.48474960017646446,0.4226452210886558,-0.39352011425185524,0.6611311719687599,-0.3181241858208647,0.46469927931013544,-0.22661462738764795,0.661645882215683,-0.17595747125378727,0.5082125588208605,2.4384388451386987,-0.06307883214366439,0
-1.0,0.05698171623825406,-0.7705662519932589,0.9526134391774418,-0.4255017061800057,0.45255818696186545,-0.3307527523088508,0.6735004464266451,-0.26965719843613745,0.4985058919124077,-0.17431212645213026,0.670115708833394,-0.1262985846887966,0.5261686468973176,2.878029866188188,0.061955528632442025,0
-1.0,0.06611564769103674,-0.7490024176138679,0.93557527628043,-0.42441635952951356,0.42933876562782114,-0.3585623995656374,0.6632601795111379,-0.2923125219526323,0.4680558298923789,-0.21580901055848867,0.6676791946676678,-0.14401919575825506,0.4909768606967092,3.2811800187135693,-0.031750492201124136,0
-1.0,0.1315344579094917,-0.733356164272918,0.9617433229903016,-0.40548717940433865,0.4708252810571092,-0.32642087149932325,0.6804317489459832,-0.2653089796131556,0.4863542983591696,-0.18887971702558087,0.689662744929127,-0.11859650029696375,0.5108611255340749,3.186038230261815,0.00010789503583219506,0
-1.0,0.11992038268093694,-0.7307751335653709,0.9511869299579219,-0.4070106911429695,0.46671164098093154,-0.3205201369009231,0.6671188446310811,-0.2569254896866255,0.47538075624414267,-0.17328750804094145,0.6667678244931775,-0.11476646631519873,0.4902015163325984,2.8995462340231484,0.008817572906127946,0
-1.0,0.14361527468817492,-0.6917399114209529,0.9501902140424864,-0.38151791478267655,0.4722942991012441,-0.28312820693816293,0.6430725444039067,-0.22309243843733817,0.4650593915599048,-0.1386373945353036,0.6460149858849319,-0.08871275413908258,0.47381829662127956,2.6676686645703973,0.029654111463492727,0
-1.0,0.15055088532043912,-0.6832580938473501,0.9535107966490783,-0.37274189863026835,0.4726067934971575,-0.27739778259001235,0.6419288688519988,-0.21272937386517823,0.46849373907334163,-0.13004805861439614,0.6452769532554107,-0.0820578978893138,0.48131631995661867,2.675127897225334,0.03897746623626097,0
-1.0,0.1329970018663235,-0.6686154686193955,0.9691001794336542,-0.35908843565400644,0.48634406700863664,-0.2602096590515976,0.6698705767537686,-0.19490830688909125,0.4630109859489941,-0.0939888513444022,0.647555098421638,-0.0350290684084649,0.4696768962507796,2.5173014043862905,0.024763638029593915,0
-0.8128761984061464,-0.002650120670837433,-0.573228274933826,0.9297048309148858,-0.28661602984276724,0.6594366994712588,-0.0643621628909826,0.5297114906779302,-0.15322756529288065,0.6270073071800342,0.12841189452843177,0.49638934137310115,0.022210436925930045,0.5603277168086067,1.7018540557220505,-0.14541698501947964,0
-0.8782936704521608,0.29265321256061294,-0.6539336095564056,0.9676884275197469,-0.35948687273673446,0.6266535858911733,-0.1858253387106536,0.6449718084285767,-0.24272603859110714,0.6499754607606567,-0.009493537197433052,0.602327298390843,-0.09322899414579287,0.6416408133833039,2.68034751400329,-0.05171831652446568,0
